#{"t_start": 1790714102.0966449, "env_id": "Pusher-v5"}
r,l,t
-114.72105,100,1.927067
-115.626465,100,1.981852
-117.336154,100,2.038846
-116.765467,100,2.110147
-130.202643,100,2.176578
-108.75989,100,2.238214
-114.744042,100,2.296171
-129.178659,100,2.35167
-124.218697,100,2.408489
-122.799084,100,2.464166
-119.418494,100,2.517763
-126.822167,100,2.574058
-112.606719,100,2.627753
-106.846606,100,2.684519
-126.82127,100,2.740791
-113.63275,100,2.79608
-128.756178,100,2.849589
-110.097863,100,2.90288
-129.463788,100,2.955417
-115.647153,100,3.008233
-120.055869,100,4.060107
-122.596554,100,4.12713
-100.486392,100,4.183033
-118.719875,100,4.239588
-122.408947,100,4.293644
-118.778079,100,4.351813
-119.662035,100,4.406562
-117.831493,100,4.461192
-124.862936,100,4.516018
-106.844426,100,4.568365
-121.226153,100,4.623768
-127.973027,100,4.676857
-130.69844,100,4.732155
-114.987343,100,4.787179
-127.61195,100,4.840785
-116.476874,100,4.894155
-117.641756,100,4.950905
-120.074947,100,5.011739
-111.691563,100,5.069635
-121.926767,100,5.12598
-139.469356,100,6.183536
-117.143113,100,6.251044
-122.817121,100,6.320638
-116.124591,100,6.384217
-111.858706,100,6.439896
-126.885314,100,6.49573
-123.039745,100,6.5495
-119.479084,100,6.608585
-130.491697,100,6.663849
-119.923427,100,6.722983
-115.042061,100,6.779474
-113.041994,100,6.835948
-119.693681,100,6.891863
-104.738863,100,6.946451
-114.58357,100,7.004423
-115.201822,100,7.064226
-117.905397,100,7.134294
-110.47974,100,7.207536
-107.957374,100,7.27622
-116.141458,100,7.353104
-128.108921,100,7.422544
-115.360759,100,8.569721
-117.057001,100,8.626897
-120.88889,100,8.684228
-102.494988,100,8.742271
-112.603656,100,8.797135
-113.934171,100,8.851759
-119.735082,100,8.904459
-119.621882,100,8.957247
-111.36739,100,9.009601
-106.532281,100,9.064112
-117.729522,100,9.116771
-110.653933,100,9.168775
-125.402299,100,9.220499
-117.046685,100,9.274617
-110.003616,100,9.328422
-128.1764,100,9.383152
-118.149009,100,9.436092
-125.542443,100,9.488805
-113.782448,100,9.540441
-115.338313,100,9.592014
-114.156966,100,10.578324
-107.145318,100,10.638509
-132.883031,100,10.697125
-113.01897,100,10.755929
-108.618771,100,10.816319
-109.303507,100,10.871039
-108.074092,100,10.925521
-104.96474,100,10.978632
-103.820167,100,11.031272
-115.395232,100,11.083005
-124.990587,100,11.136702
-117.223091,100,11.189607
-131.866274,100,11.243546
-106.871909,100,11.299381
-109.790688,100,11.354116
-116.793415,100,11.408636
-106.421941,100,11.462071
-114.595661,100,11.517323
-104.712015,100,11.571116
-119.834119,100,11.624131
-113.506706,100,11.676627
-103.991096,100,12.677571
-111.458818,100,12.740648
-114.50178,100,12.807668
-120.971534,100,12.863748
-105.876519,100,12.917096
-116.128183,100,12.973419
-101.627289,100,13.027274
-107.124231,100,13.082216
-111.405051,100,13.136949
-104.776222,100,13.19006
-125.355074,100,13.242229
-124.338576,100,13.298166
-124.718608,100,13.351141
-108.578012,100,13.406498
-113.220737,100,13.460484
-105.886478,100,13.514496
-108.070686,100,13.566948
-102.242162,100,13.620103
-105.423817,100,13.673052
-115.568604,100,13.729008
-116.764335,100,14.753675
-108.569442,100,14.813017
-114.895162,100,14.87357
-113.820218,100,14.933606
-99.931886,100,14.991153
-110.955152,100,15.045217
-107.313222,100,15.101192
-102.421096,100,15.160871
-112.605812,100,15.215002
-103.361136,100,15.269243
-108.399935,100,15.323709
-96.354295,100,15.383973
-106.151164,100,15.444061
-102.907833,100,15.500402
-114.744286,100,15.55685
-120.384153,100,15.611706
-111.295666,100,15.669206
-107.815128,100,15.728233
-121.16962,100,15.783113
-95.044297,100,15.84196
-108.740395,100,15.897715
-105.543046,100,16.925555
-105.077259,100,16.991758
-118.628673,100,17.060117
-113.656409,100,17.118264
-109.447029,100,17.174732
-105.765001,100,17.228465
-96.143154,100,17.285274
-116.405458,100,17.340286
-112.794075,100,17.39368
-112.457312,100,17.449587
-107.929215,100,17.501487
-104.127167,100,17.553495
-114.035422,100,17.605379
-108.247553,100,17.657956
-115.456584,100,17.712359
-104.056894,100,17.765603
-107.69719,100,17.817659
-121.529107,100,17.873126
-102.065779,100,17.929591
-113.943455,100,17.98516
-106.816637,100,19.015097
-119.909282,100,19.079703
-114.39109,100,19.13843
-95.940699,100,19.195013
-115.781946,100,19.249752
-98.881399,100,19.30391
-112.471053,100,19.359875
-88.959554,100,19.41347
-102.033695,100,19.469757
-111.175254,100,19.523264
-109.530145,100,19.576833
-100.609893,100,19.630131
-112.430827,100,19.681499
-120.107599,100,19.733424
-116.489029,100,19.785516
-101.550358,100,19.837781
-110.126512,100,19.892739
-102.218373,100,19.947813
-111.158386,100,20.002102
-104.565847,100,20.05515
-91.209499,100,20.108495
-102.992015,100,21.10763
-118.946932,100,21.166682
-106.095038,100,21.224528
-105.725718,100,21.283515
-113.313157,100,21.338852
-108.546687,100,21.392418
-111.422361,100,21.447544
-111.428119,100,21.503196
-107.737209,100,21.554994
-113.19565,100,21.60761
-112.277844,100,21.659975
-105.574026,100,21.712517
-105.863689,100,21.765466
-105.481885,100,21.817428
-102.581559,100,21.869993
-102.707273,100,21.925063
-103.165593,100,21.979305
-105.728224,100,22.031785
-102.285881,100,22.084083
-115.85359,100,22.136762
-108.582802,100,23.146361
-100.883092,100,23.218027
-105.26446,100,23.283328
-115.570584,100,23.342561
-106.17146,100,23.397447
-107.127634,100,23.451558
-89.452916,100,23.506567
-117.478064,100,23.559843
-111.893521,100,23.613771
-99.879205,100,23.666144
-114.110636,100,23.718854
-105.820979,100,23.771537
-89.821305,100,23.825014
-108.30363,100,23.87762
-100.036035,100,23.933824
-97.318216,100,23.989058
-95.690901,100,24.04273
-99.214411,100,24.096292
-115.453359,100,24.149231
-113.420815,100,24.201601
-110.799683,100,24.255883
-114.662469,100,25.242597
-88.623855,100,25.309255
-106.339174,100,25.37395
-94.044184,100,25.429733
-106.110424,100,25.484544
-84.080679,100,25.540527
-95.178092,100,25.596968
-102.97736,100,25.650129
-103.837444,100,25.702847
-106.732195,100,25.755727
-96.506891,100,25.809292
-99.093371,100,25.863477
-93.490457,100,25.917799
-104.730449,100,25.972962
-95.948468,100,26.026222
-88.17103,100,26.082936
-105.203302,100,26.136197
-90.757565,100,26.192911
-99.789784,100,26.246267
-106.288237,100,26.29905
-103.980389,100,27.307671
-99.942201,100,27.366076
-92.026144,100,27.433982
-92.297166,100,27.495788
-101.32628,100,27.550156
-87.34954,100,27.603098
-93.06743,100,27.65542
-106.915703,100,27.706121
-95.960555,100,27.757285
-91.752549,100,27.808059
-95.287353,100,27.859959
-96.440919,100,27.911057
-94.961193,100,27.966578
-96.16824,100,28.019351
-101.398364,100,28.071922
-89.168443,100,28.123651
-100.97135,100,28.17538
-88.878355,100,28.226014
-92.634278,100,28.277031
-100.133319,100,28.329044
-99.358423,100,28.380332
-89.572722,100,29.368737
-89.992365,100,29.427298
-101.978486,100,29.493195
-90.255381,100,29.550187
-91.225584,100,29.603247
-99.962654,100,29.656204
-100.472529,100,29.708275
-84.797819,100,29.759527
-88.628363,100,29.810137
-88.736859,100,29.86147
-87.967273,100,29.912343
-103.859577,100,29.966148
-99.472572,100,30.02088
-100.378813,100,30.074499
-94.53007,100,30.127144
-83.652461,100,30.179509
-87.680598,100,30.230648
-95.69015,100,30.282226
-95.146229,100,30.337186
-92.515678,100,30.388896
-91.101573,100,31.397745
-104.746309,100,31.459852
-87.505496,100,31.527531
-88.357716,100,31.594103
-103.803576,100,31.649945
-92.615628,100,31.704535
-89.1047,100,31.758897
-87.848371,100,31.812745
-87.907346,100,31.866821
-88.760211,100,31.920074
-105.843093,100,31.975074
-82.764619,100,32.033742
-77.086747,100,32.091166
-80.584261,100,32.146584
-94.457018,100,32.2017
-88.448973,100,32.254532
-78.774612,100,32.30931
-80.860782,100,32.363976
-85.536615,100,32.417077
-102.861044,100,32.469984
-91.751379,100,32.524545
-81.418809,100,33.518478
-83.947918,100,33.57953
-88.513029,100,33.643281
-74.164687,100,33.702547
-81.78661,100,33.757185
-86.775631,100,33.811515
-88.857047,100,33.864365
-88.8434,100,33.916747
-86.136878,100,33.968777
-82.102777,100,34.022983
-93.450331,100,34.079406
-85.585589,100,34.131303
-88.218863,100,34.184657
-88.815985,100,34.237701
-78.103212,100,34.290028
-85.053184,100,34.343878
-89.856282,100,34.39778
-84.254324,100,34.450817
-81.023659,100,34.503765
-92.06833,100,34.557502
-86.095661,100,35.547265
-84.138208,100,35.606261
-73.670865,100,35.682449
-84.2227,100,35.745866
-80.346713,100,35.801799
-71.971661,100,35.855418
-73.591333,100,35.914787
-77.048202,100,35.969171
-101.007947,100,36.022778
-93.056614,100,36.07818
-84.377391,100,36.133719
-84.856919,100,36.187016
-76.553259,100,36.243129
-83.449103,100,36.29923
-81.024382,100,36.353083
-70.935386,100,36.408323
-76.358064,100,36.463538
-79.937881,100,36.520763
-81.810616,100,36.575976
-91.452492,100,36.630954
-76.677598,100,36.687247
-86.54335,100,37.719959
-88.892476,100,37.784854
-85.662483,100,37.8419
-82.1018,100,37.901203
-85.810853,100,37.956509
-90.196101,100,38.011026
-80.708196,100,38.066383
-79.818278,100,38.123582
-78.164511,100,38.177743
-75.109834,100,38.232154
-79.763089,100,38.284759
-86.695807,100,38.34487
-77.599542,100,38.400633
-77.936248,100,38.454058
-69.977814,100,38.508152
-80.556442,100,38.562477
-76.2016,100,38.619068
-89.227292,100,38.674192
-84.186343,100,38.730052
-70.637248,100,38.787812
-77.31905,100,39.767626
-70.981358,100,39.8254
-82.12145,100,39.894154
-86.660036,100,39.957074
-75.834866,100,40.013258
-83.564571,100,40.067657
-82.125863,100,40.125512
-75.918824,100,40.181865
-74.903748,100,40.238556
-86.828174,100,40.332769
-75.222992,100,40.386667
-75.698587,100,40.441529
-81.878332,100,40.495537
-81.865404,100,40.55103
-75.431395,100,40.607001
-78.214077,100,40.660689
-77.57029,100,40.718622
-73.205174,100,40.772384
-70.465133,100,40.82673
-72.969962,100,40.87955
-86.310682,100,40.931922
-68.68474,100,41.935361
-76.637304,100,41.998699
-77.317147,100,42.056997
-75.264458,100,42.112576
-71.059747,100,42.169357
-77.23459,100,42.226969
-75.942845,100,42.281941
-78.438436,100,42.335157
-74.203869,100,42.389566
-90.773383,100,42.443387
-73.222208,100,42.494862
-75.800929,100,42.547798
-75.606034,100,42.600492
-77.72369,100,42.656399
-74.140617,100,42.71202
-83.049866,100,42.764984
-72.339959,100,42.817676
-86.325381,100,42.869567
-76.7595,100,42.922036
-74.727538,100,42.973492
-87.467227,100,43.982791
-69.256198,100,44.049282
-74.724047,100,44.119184
-73.208815,100,44.178526
-77.63228,100,44.232841
-82.316743,100,44.28932
-74.659583,100,44.344943
-78.486024,100,44.399253
-72.629058,100,44.454187
-75.505839,100,44.513937
-69.356502,100,44.568218
-74.97721,100,44.62306
-74.587395,100,44.679927
-73.244035,100,44.738096
-75.922042,100,44.794107
-87.384294,100,44.848275
-85.94015,100,44.902083
-69.746994,100,44.957832
-74.207829,100,45.011016
-81.420957,100,45.067136
-73.218298,100,45.121927
-72.162864,100,46.207348
-73.66691,100,46.268866
-72.285629,100,46.335733
-70.084112,100,46.392877
-78.778975,100,46.447184
-84.693492,100,46.503419
-69.476342,100,46.559556
-75.535929,100,46.617743
-78.538755,100,46.67467
-83.761874,100,46.73097
-80.352372,100,46.785468
-82.259883,100,46.839752
-72.052697,100,46.893319
-75.883007,100,46.947772
-72.857912,100,47.005537
-76.68493,100,47.063568
-72.921549,100,47.118436
-73.881201,100,47.173467
-70.071925,100,47.229685
-74.751181,100,47.284354
-77.631435,100,48.322138
-69.131562,100,48.389382
-79.069122,100,48.447763
-75.267653,100,48.506203
-71.190141,100,48.564201
-72.591035,100,48.620932
-70.084353,100,48.676399
-71.417903,100,48.733004
-77.559377,100,48.787762
-81.358656,100,48.842205
-68.380901,100,48.897721
-72.817107,100,48.952783
-72.449256,100,49.011277
-75.140752,100,49.0683
-76.848572,100,49.121715
-69.598959,100,49.17642
-70.667456,100,49.233187
-72.446052,100,49.298765
-66.35117,100,49.355028
-74.070831,100,49.412934
-72.075356,100,49.467967
-69.523783,100,50.553659
-83.558089,100,50.612419
-77.494439,100,50.672297
-64.30391,100,50.737713
-64.921908,100,50.794754
-70.079782,100,50.852081
-67.649187,100,50.909242
-64.909076,100,50.965346
-72.573198,100,51.021618
-66.629045,100,51.086807
-66.496819,100,51.142687
-70.284203,100,51.201106
-66.872848,100,51.260913
-65.720276,100,51.318857
-60.14807,100,51.377908
-79.787831,100,51.4334
-63.787035,100,51.489371
-79.583312,100,51.547518
-63.816932,100,51.608435
-64.205192,100,51.670301
-65.684094,100,52.727808
-72.766952,100,52.797232
-61.542725,100,52.867818
-64.099207,100,52.929235
-65.577695,100,52.985618
-68.246315,100,53.042677
-76.87348,100,53.099034
-70.315796,100,53.152572
-69.092083,100,53.207964
-60.696578,100,53.26925
-68.621425,100,53.327409
-72.793727,100,53.383981
-65.712689,100,53.439715
-66.197164,100,53.497219
-78.729648,100,53.552894
-71.647849,100,53.610699
-62.917189,100,53.671495
-72.78614,100,53.730259
-71.566021,100,53.788071
-62.839938,100,53.847479
-69.890606,100,53.906842
-67.414737,100,54.96919
-71.510339,100,55.026537
-68.539937,100,55.091225
-66.131847,100,55.151805
-68.176554,100,55.20968
-60.367133,100,55.269027
-69.9648,100,55.32778
-61.372783,100,55.388224
-69.641851,100,55.444764
-64.834568,100,55.503319
-68.092138,100,55.558402
-58.420466,100,55.614096
-64.421676,100,55.671763
-62.686342,100,55.730155
-62.295745,100,55.79173
-58.283578,100,55.855983
-89.307999,100,55.912514
-72.218159,100,55.967362
-60.978751,100,56.031199
-63.269627,100,56.092807
-74.317074,100,57.129889
-70.076619,100,57.193932
-64.80746,100,57.254677
-70.767422,100,57.319052
-63.361097,100,57.385017
-69.684777,100,57.44196
-61.630479,100,57.50265
-64.846578,100,57.562922
-68.550744,100,57.633981
-68.574502,100,57.691033
-62.643025,100,57.745969
-58.137849,100,57.805655
-62.104592,100,57.865553
-75.053651,100,57.924968
-64.724047,100,57.981067
-71.791961,100,58.035896
-59.201063,100,58.098817
-59.21135,100,58.15989
-72.542014,100,58.222886
-61.866679,100,58.284113
-67.179638,100,59.400518
-73.201306,100,59.461299
-65.383418,100,59.523378
-61.603231,100,59.592089
-60.087392,100,59.650758
-65.797547,100,59.711626
-64.719779,100,59.76933
-74.237993,100,59.824304
-64.164542,100,59.883785
-67.116865,100,59.938839
-65.367934,100,59.997154
-64.262968,100,60.052375
-66.064773,100,60.105619
-65.927359,100,60.163095
-62.723071,100,60.215563
-59.657704,100,60.276356
-66.674599,100,60.336749
-62.34009,100,60.399971
-64.041014,100,60.454069
-65.168067,100,60.513896
-58.483497,100,60.569901
-58.750346,100,61.594012
-67.270829,100,61.65622
-56.560964,100,61.716256
-70.423569,100,61.779478
-63.120842,100,61.840356
-64.53445,100,61.898278
-67.830174,100,61.952945
-62.06715,100,62.007543
-67.848569,100,62.064892
-66.264919,100,62.120256
-72.007219,100,62.177763
-63.60329,100,62.231676
-62.300308,100,62.289062
-56.088808,100,62.354076
-64.725954,100,62.413147
-60.853049,100,62.471578
-57.006019,100,62.5297
-63.345876,100,62.587643
-62.281939,100,62.64406
-67.832173,100,62.701708
-63.957883,100,63.746237
-61.74216,100,63.811278
-62.308572,100,63.886776
-57.92954,100,63.962077
-63.285636,100,64.02096
-59.108102,100,64.079712
-65.418889,100,64.13561
-57.283043,100,64.18951
-57.261842,100,64.24946
-61.522579,100,64.317821
-58.08144,100,64.379341
-63.778366,100,64.437636
-61.180288,100,64.493302
-61.13099,100,64.552892
-58.917518,100,64.625161
-61.525934,100,64.700722
-51.434572,100,64.770245
-64.018308,100,64.829397
-67.572973,100,64.893502
-65.328654,100,64.964341
-65.29289,100,65.023422
-66.086368,100,66.188785
-63.191558,100,66.252858
-66.146829,100,66.320218
-56.548113,100,66.384904
-70.95624,100,66.444849
-55.397526,100,66.505473
-69.258007,100,66.560032
-55.511244,100,66.620018
-66.701133,100,66.677259
-65.208983,100,66.73533
-69.002501,100,66.796583
-62.106957,100,66.853202
-67.772347,100,66.909184
-57.175071,100,66.969826
-55.829894,100,67.023776
-64.708145,100,67.077784
-68.171501,100,67.13046
-67.145451,100,67.190902
-65.223057,100,67.244249
-62.761305,100,67.295536
-56.391429,100,68.290215
-65.893354,100,68.350514
-60.612244,100,68.418126
-55.948944,100,68.479602
-57.987887,100,68.537389
-62.236238,100,68.59097
-57.943045,100,68.649288
-53.586325,100,68.704303
-66.030542,100,68.767291
-58.642778,100,68.826037
-70.901256,100,68.881544
-65.182818,100,68.93681
-61.690808,100,68.996355
-56.836493,100,69.050157
-63.53948,100,69.105442
-57.557663,100,69.168215
-55.823104,100,69.225743
-63.020992,100,69.280632
-60.508168,100,69.336413
-63.939171,100,69.400656
-65.317282,100,69.466126
-59.736351,100,70.571666
-55.165963,100,70.647753
-65.588252,100,70.7088
-62.868867,100,70.770646
-69.400909,100,70.829601
-60.432719,100,70.888239
-54.186414,100,70.95157
-70.921391,100,71.015318
-54.377921,100,71.073316
-53.62819,100,71.130168
-60.809049,100,71.18682
-58.590209,100,71.242919
-58.075089,100,71.307481
-66.161364,100,71.36569
-61.928327,100,71.434119
-62.810264,100,71.494174
-69.192438,100,71.555177
-63.944967,100,71.610921
-61.732401,100,71.667522
-61.248028,100,71.723611
-57.351118,100,72.777022
-53.614268,100,72.837122
-57.923419,100,72.917382
-62.077086,100,72.986168
-55.871286,100,73.050571
-53.951306,100,73.111792
-52.222623,100,73.171891
-71.866965,100,73.232785
-58.875595,100,73.287452
-56.504652,100,73.344579
-56.338071,100,73.405246
-64.481408,100,73.468489
-54.391171,100,73.533322
-62.54652,100,73.588108
-52.821197,100,73.647181
-59.651258,100,73.705744
-57.734334,100,73.76746
-63.496562,100,73.82707
-64.917337,100,73.890091
-59.612418,100,73.948787
-54.479238,100,74.012765
-58.498344,100,75.100241
-49.986083,100,75.165319
-61.260059,100,75.227206
-54.417769,100,75.287081
-64.269535,100,75.346254
-54.817721,100,75.407186
-54.638633,100,75.468808
-58.206429,100,75.535731
-60.771728,100,75.593703
-52.948164,100,75.651889
-46.603093,100,75.715636
-60.884838,100,75.771742
-51.073898,100,75.831794
-55.357436,100,75.891743
-60.503503,100,75.95308
-63.836095,100,76.010201
-61.002635,100,76.066302
-63.872557,100,76.124525
-61.452203,100,76.180521
-58.791068,100,76.23527
-64.102848,100,77.297468
-55.875453,100,77.362445
-57.980999,100,77.422264
-58.149702,100,77.494083
-57.272125,100,77.556187
-65.22377,100,77.609399
-54.301677,100,77.668957
-57.067321,100,77.724829
-62.737821,100,77.787448
-56.283771,100,77.84666
-60.532642,100,77.903863
-55.275294,100,77.963434
-51.952677,100,78.020963
-49.909034,100,78.083428
-55.007555,100,78.146578
-60.953715,100,78.2101
-60.143526,100,78.266464
-57.752283,100,78.324031
-57.506918,100,78.383512
-62.703379,100,78.441909
-56.496179,100,78.500982
-60.122124,100,79.578854
-59.170434,100,79.638333
-52.230679,100,79.70347
-50.406516,100,79.763343
-52.150896,100,79.824318
-50.598812,100,79.880845
-51.644367,100,79.939749
-57.210443,100,79.994286
-64.027944,100,80.048384
-55.666582,100,80.107374
-49.860602,100,80.174631
-57.930686,100,80.2313
-54.110963,100,80.293653
-54.500439,100,80.350013
-50.450108,100,80.407911
-61.609754,100,80.466976
-52.655728,100,80.528505
-57.689657,100,80.592442
-57.731577,100,80.653506
-60.624785,100,80.709682
-56.049987,100,81.760489
-53.296823,100,81.821296
-51.161508,100,81.888249
-56.240732,100,81.959538
-50.224541,100,82.02267
-59.37964,100,82.077884
-49.382359,100,82.139269
-53.769902,100,82.199686
-48.373058,100,82.257159
-54.850297,100,82.316928
-53.159703,100,82.37619
-47.790178,100,82.43923
-55.179857,100,82.499862
-48.876628,100,82.558306
-54.17904,100,82.618824
-62.78744,100,82.67278
-64.101334,100,82.728918
-48.90336,100,82.792935
-50.082399,100,82.84886
-59.825356,100,82.902689
-60.711486,100,82.958902
-62.76904,100,84.03274
-47.488146,100,84.103988
-47.886926,100,84.176658
-46.872973,100,84.238891
-50.234767,100,84.294677
-51.35959,100,84.351971
-48.517099,100,84.408064
-52.385518,100,84.471725
-53.523168,100,84.529544
-49.085597,100,84.588498
-48.319245,100,84.654118
-44.848288,100,84.71767
-47.831734,100,84.775563
-45.744623,100,84.837811
-57.886037,100,84.891834
-53.165688,100,84.952679
-49.871177,100,85.020404
-61.341777,100,85.079935
-51.05433,100,85.143695
-60.635755,100,85.200429
-62.647832,100,86.3277
-50.35674,100,86.396055
-65.786489,100,86.455509
-46.800932,100,86.521222
-52.301447,100,86.580129
-61.576448,100,86.640751
-50.832981,100,86.701672
-48.894087,100,86.76132
-50.828576,100,86.818249
-58.797618,100,86.878824
-58.515285,100,86.935367
-45.465301,100,86.993432
-45.679587,100,87.053543
-51.341353,100,87.114439
-60.45264,100,87.170538
-48.80371,100,87.235386
-49.064642,100,87.297738
-45.861714,100,87.357075
-55.341656,100,87.418103
-43.78027,100,87.487319
-49.966842,100,87.548467
-66.78096,100,88.609396
-50.231085,100,88.68381
-46.881861,100,88.748158
-57.867285,100,88.80527
-61.063221,100,88.867224
-44.1892,100,88.926348
-49.285499,100,88.983902
-59.569021,100,89.040947
-48.730118,100,89.096839
-58.238839,100,89.15171
-56.87968,100,89.208076
-49.032272,100,89.266213
-56.236854,100,89.324548
-53.656975,100,89.380095
-46.278334,100,89.439527
-56.576202,100,89.49474
-49.780598,100,89.552309
-53.972184,100,89.609939
-48.03245,100,89.672925
-55.233924,100,89.733522
-49.099453,100,90.884734
-58.57593,100,90.945408
-47.682943,100,91.010633
-55.330818,100,91.068453
-56.81844,100,91.124419
-46.838129,100,91.187324
-49.635867,100,91.248141
-64.955053,100,91.304226
-51.424836,100,91.361538
-55.597009,100,91.414042
-55.3084,100,91.465092
-54.339883,100,91.519908
-52.075553,100,91.573762
-54.221746,100,91.627846
-47.599598,100,91.695654
-50.489464,100,91.756768
-48.112541,100,91.818212
-51.272293,100,91.876657
-46.070234,100,91.937592
-48.915271,100,91.993224
-48.231612,100,92.051796
-57.413971,100,93.133018
-53.604415,100,93.197999
-47.966988,100,93.262754
-51.990295,100,93.321222
-55.584818,100,93.377601
-49.857164,100,93.432006
-55.115036,100,93.485511
-47.624912,100,93.543792
-48.829451,100,93.605301
-55.585775,100,93.665859
-52.327701,100,93.72398
-46.271293,100,93.791398
-55.052913,100,93.848627
-52.344017,100,93.907605
-48.185138,100,93.965922
-46.414735,100,94.030708
-50.122837,100,94.095296
-41.539609,100,94.159119
-53.790174,100,94.215723
-53.198961,100,94.272704
-48.422545,100,95.340519
-57.691619,100,95.4105
-50.743033,100,95.483247
-54.269785,100,95.550072
-46.144678,100,95.607763
-46.0637,100,95.667261
-55.641013,100,95.721904
-52.922597,100,95.784016
-42.907604,100,95.848142
-50.57143,100,95.903424
-42.696744,100,95.963161
-47.092608,100,96.021671
-47.808372,100,96.078835
-50.299346,100,96.141624
-49.691469,100,96.205862
-50.812677,100,96.26077
-49.474269,100,96.315108
-56.312724,100,96.381231
-53.28058,100,96.441554
-44.301473,100,96.502405
-49.549838,100,96.567585
-52.545426,100,97.629562
-47.717605,100,97.688804
-44.492434,100,97.750112
-48.658301,100,97.813938
-47.651691,100,97.875322
-55.877068,100,97.937602
-47.861662,100,97.998272
-55.570477,100,98.054566
-50.361395,100,98.11169
-48.396552,100,98.17357
-48.998634,100,98.235426
-59.302934,100,98.291142
-42.702311,100,98.35845
-39.776672,100,98.427446
-59.977041,100,98.484834
-58.547899,100,98.549954
-50.693203,100,98.610715
-57.145799,100,98.669774
-59.064206,100,98.725549
-54.405559,100,98.787414
-52.186856,100,99.831565
-54.581916,100,99.895979
-47.685178,100,99.957196
-48.195119,100,100.015726
-55.81645,100,100.085585
-51.213119,100,100.166735
-43.65426,100,100.236829
-48.709609,100,100.292392
-57.036137,100,100.348524
-50.239456,100,100.407493
-48.112812,100,100.472326
-48.836854,100,100.527144
-49.817504,100,100.582136
-46.115108,100,100.636636
-41.238396,100,100.696717
-51.328861,100,100.750489
-51.372238,100,100.807038
-50.911257,100,100.867442
-59.192475,100,100.921295
-48.490394,100,100.978713
-57.292641,100,101.039156
-58.930368,100,102.042585
-50.192266,100,102.104346
-45.082905,100,102.169419
-44.917127,100,102.230267
-53.405022,100,102.284264
-45.74381,100,102.33684
-48.505495,100,102.397514
-47.115922,100,102.460457
-44.718598,100,102.526311
-48.140577,100,102.582782
-49.946503,100,102.638202
-44.379555,100,102.699585
-52.112913,100,102.754574
-43.382569,100,102.813258
-42.094148,100,102.879478
-51.832847,100,102.938952
-58.940557,100,102.995236
-46.275463,100,103.050665
-47.394357,100,103.106838
-42.239796,100,103.169466
-50.418744,100,104.238848
-48.387816,100,104.303932
-52.713249,100,104.382484
-50.186832,100,104.45204
-50.067096,100,104.513523
-49.650315,100,104.577108
-38.776446,100,104.643064
-52.05768,100,104.699751
-48.344466,100,104.754036
-55.817504,100,104.809032
-49.617285,100,104.868656
-47.775061,100,104.928079
-48.001385,100,104.982684
-42.545985,100,105.041159
-51.445782,100,105.104801
-48.012272,100,105.162302
-45.651429,100,105.217274
-50.339202,100,105.277275
-45.055684,100,105.331349
-53.790841,100,105.391034
-40.197957,100,105.45117
-49.340322,100,106.529141
-56.727155,100,106.592307
-47.393258,100,106.66559
-52.189021,100,106.726632
-50.784075,100,106.787326
-52.725365,100,106.850921
-46.930541,100,106.916617
-45.352645,100,106.971289
-43.063914,100,107.033116
-50.288016,100,107.08787
-43.840424,100,107.140562
-52.147108,100,107.195587
-42.083461,100,107.256691
-47.490191,100,107.31179
-51.775095,100,107.368435
-52.034116,100,107.424722
-47.770976,100,107.478771
-48.224626,100,107.537435
-50.653563,100,107.595017
-43.034,100,107.65162
-40.574657,100,108.70568
-55.251616,100,108.783801
-54.79103,100,108.870894
-45.998246,100,108.937618
-51.568523,100,109.002356
-55.598825,100,109.059731
-50.892733,100,109.120127
-45.439367,100,109.179468
-43.59109,100,109.243452
-56.375279,100,109.301165
-45.285497,100,109.368846
-39.562396,100,109.445724
-48.904697,100,109.509138
-41.312677,100,109.575782
-47.987734,100,109.637696
-55.625399,100,109.693564
-49.497425,100,109.75274
-43.970641,100,109.816187
-49.816645,100,109.877561
-45.194635,100,109.936721
-49.185456,100,109.992607
-42.712142,100,110.996066
-47.593324,100,111.056479
-47.853187,100,111.119068
-42.775145,100,111.178252
-53.025678,100,111.236097
-46.671085,100,111.293582
-49.896139,100,111.353541
-51.834274,100,111.409972
-48.409775,100,111.475574
-41.923967,100,111.53333
-53.717578,100,111.592579
-37.906097,100,111.65189
-51.800389,100,111.70839
-51.760873,100,111.768827
-47.976297,100,111.821374
-45.422287,100,111.877155
-50.064054,100,111.937222
-53.746961,100,111.993974
-49.314504,100,112.04834
-47.86215,100,112.103913
-45.968205,100,113.091451
-43.334371,100,113.155462
-45.851853,100,113.217682
-40.589088,100,113.283105
-44.893761,100,113.344038
-44.328809,100,113.398362
-34.990343,100,113.462434
-51.382589,100,113.5207
-46.51538,100,113.582047
-42.381985,100,113.642524
-46.739991,100,113.698973
-40.668778,100,113.759862
-47.282624,100,113.818148
-47.92076,100,113.876357
-43.284395,100,113.932033
-46.662994,100,113.989211
-39.385851,100,114.051409
-46.269446,100,114.106713
-52.479083,100,114.161334
-44.696233,100,114.222587
-48.279183,100,115.209492
-51.926192,100,115.269341
-51.222781,100,115.334228
-48.93306,100,115.395306
-47.935767,100,115.455676
-55.111068,100,115.515032
-42.31681,100,115.578512
-52.817508,100,115.640337
-48.675056,100,115.698354
-54.122818,100,115.751938
-43.542789,100,115.806563
-47.295625,100,115.859612
-50.478701,100,115.913513
-45.24021,100,115.971772
-57.460808,100,116.028996
-38.585414,100,116.089375
-43.553498,100,116.146637
-47.672228,100,116.203482
-40.646602,100,116.258039
-45.592427,100,116.315293
-45.537934,100,116.373263
-44.737568,100,117.368217
-44.194956,100,117.435458
-38.68233,100,117.50406
-50.767227,100,117.564384
-43.301589,100,117.632542
-57.377028,100,117.687451
-47.110396,100,117.748556
-42.350045,100,117.806323
-44.633163,100,117.863449
-43.458901,100,117.926695
-41.482591,100,117.986622
-44.514169,100,118.043167
-48.557699,100,118.103458
-46.481106,100,118.159841
-46.707232,100,118.217167
-43.507888,100,118.2758
-47.751448,100,118.336991
-43.875188,100,118.399518
-50.023899,100,118.459819
-51.697444,100,118.519874
-37.398802,100,119.519466
-46.058057,100,119.585598
-46.612682,100,119.661985
-49.308507,100,119.726945
-41.375639,100,119.788683
-51.87558,100,119.845694
-47.293646,100,119.900595
-45.702824,100,119.960376
-42.710368,100,120.01851
-40.858417,100,120.083924
-46.242999,100,120.145406
-44.418952,100,120.20224
-41.080085,100,120.265224
-48.611867,100,120.320786
-42.779092,100,120.383834
-42.525741,100,120.436769
-43.729363,100,120.48969
-40.58187,100,120.548187
-46.458956,100,120.612402
-49.473824,100,120.669458
-58.610818,100,120.722792
-47.733333,100,121.71356
-45.05958,100,121.78031
-41.78666,100,121.840493
-48.086512,100,121.902571
-47.244146,100,121.965809
-42.082037,100,122.022582
-43.568761,100,122.088205
-36.305956,100,122.150472
-51.628153,100,122.205159
-37.261934,100,122.265267
-40.834771,100,122.328501
-51.969011,100,122.392131
-49.738999,100,122.452882
-46.09117,100,122.510376
-51.761307,100,122.567608
-43.088593,100,122.625823
-46.700243,100,122.693231
-41.999366,100,122.750576
-41.506182,100,122.807729
-41.321359,100,122.862813
-44.550189,100,123.848215
-46.005733,100,123.908204
-39.166615,100,123.971222
-45.853428,100,124.033057
-44.698599,100,124.09276
-43.79907,100,124.154286
-39.397968,100,124.212654
-60.821407,100,124.269563
-50.936046,100,124.327735
-54.069806,100,124.382436
-36.646102,100,124.448137
-42.217175,100,124.510711
-43.885758,100,124.571447
-46.525824,100,124.625658
-48.724187,100,124.682565
-45.312097,100,124.739163
-48.692172,100,124.792067
-42.981663,100,124.846488
-46.255085,100,124.902709
-50.782646,100,124.956345
-50.453859,100,125.014071
-40.352745,100,126.005748
-58.260372,100,126.065429
-48.285393,100,126.132247
-44.810537,100,126.189909
-57.770771,100,126.244467
-45.763226,100,126.298998
-42.338126,100,126.360751
-48.343518,100,126.41371
-45.698694,100,126.466394
-46.553236,100,126.518049
-42.596911,100,126.576689
-51.330583,100,126.632757
-48.714904,100,126.685409
-48.685451,100,126.743779
-41.899257,100,126.802387
-46.800992,100,126.864906
-46.413765,100,126.921916
-46.53243,100,126.985059
-47.439932,100,127.038727
-38.719575,100,127.095512
-52.618594,100,128.07355
-51.932595,100,128.131071
-41.516448,100,128.211417
-46.660092,100,128.284472
-45.489514,100,128.348372
-38.873718,100,128.413275
-40.868135,100,128.474747
-48.866984,100,128.531379
-60.064192,100,128.585928
-49.464965,100,128.641759
-43.041341,100,128.6984
-37.304787,100,128.7586
-57.495172,100,128.815162
-37.250285,100,128.880305
-43.939557,100,128.938099
-51.337918,100,128.994478
-48.57281,100,129.050031
-47.970297,100,129.102998
-42.385416,100,129.163322
-39.35192,100,129.225204
-46.517602,100,129.288671
-45.070925,100,130.266423
-46.04639,100,130.327092
-48.79289,100,130.388856
-43.237267,100,130.44802
-39.073289,100,130.509662
-37.599215,100,130.569335
-47.7721,100,130.628719
-46.461037,100,130.682627
-39.567277,100,130.740865
-38.887258,100,130.803277
-52.76366,100,130.859975
-39.278094,100,130.920805
-41.724536,100,130.977282
-44.636195,100,131.0334
-46.83473,100,131.091019
-42.668067,100,131.144831
-37.159647,100,131.206343
-38.053602,100,131.265916
-40.691947,100,131.326271
-40.494488,100,131.380074
-35.568272,100,132.366782
-49.960501,100,132.435044
-48.505238,100,132.503304
-38.20888,100,132.569295
-46.019967,100,132.630351
-37.223028,100,132.691479
-50.492964,100,132.751884
-46.804222,100,132.816039
-47.411258,100,132.87576
-41.24623,100,132.935808
-40.591296,100,132.995052
-39.521336,100,133.054758
-52.928555,100,133.115196
-45.942334,100,133.169338
-40.041423,100,133.226243
-44.187053,100,133.284169
-44.477556,100,133.340104
-36.619281,100,133.398741
-39.474379,100,133.462974
-51.247828,100,133.517327
-36.780158,100,133.57519
-37.614931,100,134.560294
-51.009113,100,134.622541
-46.079356,100,134.695772
-41.242051,100,134.7588
-49.058354,100,134.81842
-40.142656,100,134.879592
-45.873212,100,134.941418
-55.255212,100,135.003576
-48.086643,100,135.06065
-57.200287,100,135.115274
-38.993563,100,135.172781
-46.346273,100,135.226986
-53.153104,100,135.294111
-49.350086,100,135.352571
-43.319452,100,135.411731
-38.401711,100,135.470863
-56.946076,100,135.5242
-43.48218,100,135.577179
-53.19255,100,135.638083
-44.419069,100,135.697742
-51.920033,100,136.685009
-54.427722,100,136.748145
-42.367762,100,136.807235
-50.318795,100,136.86926
-52.18506,100,136.927743
-42.621423,100,136.982225
-43.749537,100,137.045248
-51.925129,100,137.098772
-42.771652,100,137.158009
-39.655213,100,137.215008
-47.512313,100,137.267995
-37.921785,100,137.329689
-34.1283,100,137.391142
-45.180719,100,137.44589
-47.819051,100,137.506676
-55.891954,100,137.56068
-44.108819,100,137.614515
-40.787607,100,137.673939
-37.285312,100,137.733473
-51.91036,100,137.797044
-43.929319,100,137.855986
-49.332087,100,138.845048
-44.683854,100,138.905369
-50.247538,100,138.968411
-51.52031,100,139.027764
-49.649022,100,139.084544
-36.991952,100,139.141154
-42.24812,100,139.203312
-43.929715,100,139.260414
-47.861376,100,139.319954
-43.524548,100,139.379493
-55.521392,100,139.436641
-47.597448,100,139.500539
-45.606708,100,139.561348
-44.643252,100,139.620222
-47.511363,100,139.680853
-53.423011,100,139.735014
-49.685358,100,139.789516
-43.988947,100,139.848796
-43.267988,100,139.908284
-35.29034,100,139.968109
-37.419826,100,140.94914
-41.090975,100,141.014563
-45.026759,100,141.08557
-43.472616,100,141.145655
-42.392301,100,141.20724
-49.07099,100,141.263528
-40.46046,100,141.320517
-53.514226,100,141.385973
-47.886492,100,141.444959
-52.40951,100,141.501551
-50.044376,100,141.556057
-46.289158,100,141.613922
-57.009557,100,141.672275
-46.588274,100,141.7417
-34.10752,100,141.803583
-47.519399,100,141.865043
-54.842941,100,141.921023
-38.61496,100,141.986264
-38.497844,100,142.051565
-45.797276,100,142.115149
-42.699973,100,142.176115
-38.711463,100,143.180023
-39.874162,100,143.243497
-34.745615,100,143.307583
-35.006186,100,143.369145
-35.808194,100,143.436255
-54.78579,100,143.491764
-45.87511,100,143.546664
-45.960761,100,143.6034
-36.684646,100,143.667326
-41.419736,100,143.727704
-47.338033,100,143.78791
-39.534056,100,143.846143
-40.069165,100,143.905583
-41.076683,100,143.96078
-42.671333,100,144.02573
-43.052545,100,144.0876
-44.200711,100,144.146064
-45.659918,100,144.199291
-43.918648,100,144.258063
-35.765459,100,144.317392
-44.299342,100,145.312263
-38.970118,100,145.375232
-54.306007,100,145.435086
-46.549093,100,145.498885
-49.383483,100,145.55452
-36.634674,100,145.614795
-45.334208,100,145.673032
-48.518728,100,145.729058
-47.782651,100,145.782448
-45.449597,100,145.83671
-46.149901,100,145.895297
-40.711582,100,145.96135
-47.786012,100,146.021973
-50.470571,100,146.082033
-39.213552,100,146.146032
-48.540806,100,146.206815
-43.522595,100,146.268022
-42.608261,100,146.331014
-43.491088,100,146.3867
-43.790905,100,146.448523
-43.165834,100,146.505319
-36.188487,100,147.560496
-45.071966,100,147.631824
-48.510143,100,147.696882
-50.86446,100,147.757533
-44.693168,100,147.817502
-42.933951,100,147.87484
-37.072439,100,147.935898
-48.671875,100,147.992204
-43.50083,100,148.051133
-43.616874,100,148.116416
-42.702642,100,148.184861
-51.026849,100,148.249699
-53.618768,100,148.314981
-44.671237,100,148.380144
-44.218626,100,148.443081
-34.600697,100,148.50806
-35.541483,100,148.567085
-45.645106,100,148.628498
-41.303492,100,148.688259
-45.357796,100,148.741997
-55.830853,100,149.82699
-39.117611,100,149.889923
-38.994828,100,149.960378
-42.295879,100,150.024682
-46.827883,100,150.087988
-45.968501,100,150.142297
-47.796388,100,150.19805
-58.802919,100,150.249539
-35.996664,100,150.305282
-41.778641,100,150.364048
-41.852526,100,150.422649
-47.848124,100,150.47553
-41.008676,100,150.540827
-45.92904,100,150.595123
-47.836599,100,150.649041
-39.960979,100,150.706499
-43.509843,100,150.759973
-45.949914,100,150.81619
-39.389922,100,150.871376
-40.54827,100,150.928241
-38.203844,100,150.984734
-56.282905,100,152.049807
-38.235912,100,152.142209
-54.634812,100,152.211397
-44.464956,100,152.279799
-50.798344,100,152.33954
-46.559454,100,152.40476
-43.125679,100,152.466802
-43.386981,100,152.528411
-38.43919,100,152.593669
-45.323714,100,152.652986
-48.813821,100,152.714949
-47.16832,100,152.77446
-46.101848,100,152.835664
-43.848858,100,152.897403
-53.372956,100,152.953172
-48.40825,100,153.013691
-50.178762,100,153.08469
-46.023283,100,153.143547
-45.184779,100,153.20301
-48.071453,100,153.259824
-42.613271,100,154.255064
-37.507951,100,154.321579
-43.947017,100,154.390411
-39.909112,100,154.451122
-39.417856,100,154.515819
-58.514816,100,154.57209
-53.259742,100,154.633056
-41.76491,100,154.691044
-38.249755,100,154.751648
-47.003384,100,154.810286
-44.747434,100,154.878637
-38.480186,100,154.939394
-44.700328,100,155.000311
-43.519891,100,155.058611
-48.527809,100,155.120679
-52.078708,100,155.182719
-51.003703,100,155.245021
-42.113971,100,155.308441
-44.695784,100,155.374512
-38.843295,100,155.439876
-44.883016,100,155.502764
-38.484719,100,156.553584
-40.748596,100,156.626046
-39.872897,100,156.695692
-44.902242,100,156.749091
-35.093578,100,156.809279
-43.233242,100,156.871371
-48.698316,100,156.9282
-43.523021,100,156.981205
-40.262238,100,157.039657
-49.642857,100,157.094409
-40.396084,100,157.154814
-42.933707,100,157.217687
-52.379142,100,157.275566
-46.184761,100,157.333717
-54.545961,100,157.386419
-42.633655,100,157.444066
-45.78598,100,157.499776
-47.327271,100,157.551917
-35.254263,100,157.61
-48.69805,100,157.669328
-42.11606,100,158.685877
-46.557303,100,158.743039
-42.335881,100,158.815283
-38.91465,100,158.880187
-34.678983,100,158.939957
-43.465185,100,158.996516
-42.68956,100,159.061328
-46.916794,100,159.122478
-38.159072,100,159.183132
-52.927056,100,159.243212
-45.095283,100,159.304152
-46.326672,100,159.361091
-42.497206,100,159.416062
-40.8618,100,159.474253
-54.646567,100,159.526417
-34.522925,100,159.583961
-36.183874,100,159.64247
-49.241728,100,159.70003
-45.036688,100,159.756361
-44.278052,100,159.811352
-39.808108,100,159.866939
-37.768716,100,160.861439
-45.367596,100,160.930618
-37.270322,100,160.996763
-48.813233,100,161.0589
-41.261908,100,161.132463
-34.365703,100,161.196417
-46.894952,100,161.250657
-38.954097,100,161.306561
-53.296222,100,161.363061
-36.673163,100,161.418384
-47.554394,100,161.472807
-37.705925,100,161.532031
-47.678994,100,161.584977
-34.448126,100,161.64252
-36.016028,100,161.706005
-47.508968,100,161.767379
-47.798124,100,161.828439
-45.340652,100,161.888149
-43.900774,100,161.951262
-46.793677,100,162.00913
-46.05461,100,162.992244
-44.357965,100,163.062698
-33.461163,100,163.146467
-43.363486,100,163.203986
-47.758633,100,163.270372
-37.086208,100,163.328635
-39.539073,100,163.390772
-46.078301,100,163.446537
-38.741693,100,163.505963
-51.147409,100,163.562088
-40.925502,100,163.61958
-37.932922,100,163.677426
-40.663788,100,163.744411
-40.076182,100,163.797641
-43.616377,100,163.860491
-42.02195,100,163.915609
-34.848227,100,163.975126
-44.308341,100,164.02716
-39.092762,100,164.09275
-42.619501,100,164.145702
-43.414002,100,164.2024
-39.619227,100,165.233138
-42.578302,100,165.295708
-50.049329,100,165.360255
-36.485572,100,165.420141
-52.62514,100,165.475031
-44.482734,100,165.526422
-35.427789,100,165.583284
-34.66113,100,165.639367
-50.382159,100,165.697701
-47.90935,100,165.754977
-43.661836,100,165.810654
-35.992842,100,165.86691
-37.410464,100,165.921642
-40.723528,100,165.976717
-39.530884,100,166.029804
-36.169837,100,166.085854
-38.679009,100,166.14096
-34.397993,100,166.202145
-45.112615,100,166.25917
-35.655092,100,166.323267
-36.400105,100,167.348922
-41.354123,100,167.424486
-40.133345,100,167.482556
-47.184421,100,167.54998
-44.824527,100,167.603782
-37.551801,100,167.663059
-42.108933,100,167.716882
-35.990654,100,167.777597
-37.923826,100,167.835603
-53.751974,100,167.889804
-53.790121,100,167.943976
-42.476796,100,168.001756
-34.678918,100,168.05804
-42.387807,100,168.120923
-47.205856,100,168.17417
-36.170201,100,168.233606
-37.808946,100,168.295098
-41.778766,100,168.351279
-39.113719,100,168.408411
-41.528912,100,168.469895
-52.883362,100,169.467577
-39.776425,100,169.533002
-43.451788,100,169.597015
-34.877844,100,169.660818
-44.843208,100,169.723778
-36.848674,100,169.782168
-37.547654,100,169.841098
-43.652916,100,169.90125
-46.183406,100,169.957722
-38.871246,100,170.016703
-47.398279,100,170.077145
-42.800209,100,170.131397
-46.941661,100,170.189506
-35.936624,100,170.247651
-45.082219,100,170.306804
-42.944837,100,170.363979
-41.573508,100,170.426218
-50.998086,100,170.479964
-36.345148,100,170.538982
-33.932654,100,170.595425
-46.375907,100,170.648682
-34.813147,100,171.682571
-41.325539,100,171.748043
-32.714184,100,171.813434
-35.582466,100,171.879019
-39.132994,100,171.93952
-35.758393,100,172.002621
-39.976913,100,172.057192
-35.242477,100,172.121166
-33.591313,100,172.176897
-38.227101,100,172.239267
-41.58299,100,172.300693
-40.450338,100,172.363766
-40.281251,100,172.42578
-37.755768,100,172.483914
-42.807055,100,172.544441
-33.050543,100,172.601493
-46.112788,100,172.659504
-46.993463,100,172.714734
-41.571751,100,172.775325
-40.237558,100,172.834631
-41.491935,100,173.827408
-32.506544,100,173.903382
-33.448324,100,173.968975
-36.19348,100,174.036091
-34.612665,100,174.093951
-35.183478,100,174.154047
-37.975986,100,174.214694
-39.992537,100,174.273325
-35.404729,100,174.331922
-43.904356,100,174.39354
-53.430651,100,174.450688
-40.958576,100,174.512219
-38.325107,100,174.57216
-42.733601,100,174.630877
-37.599431,100,174.68929
-45.158579,100,174.747645
-47.179649,100,174.810285
-53.776161,100,174.864828
-38.930396,100,174.926214
-52.089484,100,174.988035
-37.825635,100,175.049956
-43.62799,100,176.06263
-48.536567,100,176.124508
-38.382626,100,176.193753
-49.397411,100,176.261831
-47.358646,100,176.319003
-43.882203,100,176.382456
-40.401417,100,176.438919
-37.36401,100,176.498286
-51.87383,100,176.558957
-44.930747,100,176.615123
-47.394372,100,176.672791
-37.693549,100,176.728415
-38.735396,100,176.784119
-43.699712,100,176.83968
-38.405046,100,176.897444
-42.691619,100,176.963498
-42.599847,100,177.024236
-47.42664,100,177.084917
-48.581339,100,177.148933
-38.485427,100,177.207182
-45.588291,100,178.238905
-33.305017,100,178.309892
-35.808955,100,178.379353
-39.102918,100,178.443757
-36.247714,100,178.503993
-40.824963,100,178.565536
-37.152565,100,178.623864
-51.007506,100,178.681793
-35.015858,100,178.741779
-41.346029,100,178.797569
-39.303054,100,178.852821
-49.14209,100,178.914218
-39.672744,100,178.976889
-43.24597,100,179.039992
-38.172908,100,179.099432
-35.731744,100,179.157846
-47.616447,100,179.218964
-48.220067,100,179.278493
-37.34422,100,179.33347
-38.522636,100,179.390829
-50.512852,100,179.45494
-36.692739,100,180.444741
-44.339311,100,180.508703
-47.088969,100,180.579971
-39.013703,100,180.644546
-36.883269,100,180.706422
-39.12832,100,180.767062
-35.716619,100,180.825087
-40.678245,100,180.884192
-33.743626,100,180.942733
-45.541643,100,181.009543
-37.221858,100,181.071411
-38.559868,100,181.131679
-37.286474,100,181.198319
-39.359011,100,181.255491
-39.994655,100,181.318227
-32.778835,100,181.378161
-46.541231,100,181.445087
-50.592234,100,181.504013
-38.511827,100,181.562432
-39.162108,100,181.622319
-36.720192,100,182.621573
-38.65111,100,182.688047
-50.991606,100,182.762313
-48.580686,100,182.830908
-37.931047,100,182.891062
-42.616637,100,182.947917
-33.374907,100,183.009351
-41.682539,100,183.072551
-35.670239,100,183.134263
-38.096998,100,183.198148
-40.546559,100,183.255939
-35.120288,100,183.315722
-37.815693,100,183.376141
-35.1672,100,183.435571
-44.218792,100,183.49755
-39.396874,100,183.554157
-51.545846,100,183.613013
-48.11173,100,183.675902
-43.6556,100,183.73361
-48.098974,100,183.796588
-40.038886,100,183.860099
-34.718697,100,184.888817
-45.189824,100,184.972038
-45.891001,100,185.046229
-38.335314,100,185.109568
-35.62169,100,185.170497
-44.791017,100,185.234803
-44.811672,100,185.292988
-37.312802,100,185.350735
-48.066332,100,185.405968
-48.758665,100,185.461919
-39.918939,100,185.522786
-35.002963,100,185.581111
-32.855795,100,185.640727
-41.438064,100,185.692964
-37.864194,100,185.752963
-37.154782,100,185.811424
-41.299493,100,185.867073
-39.10922,100,185.925211
-39.537757,100,185.984823
-36.819621,100,186.045625
-40.695243,100,187.076072
-39.053884,100,187.154786
-44.625263,100,187.225296
-37.265452,100,187.28977
-45.432787,100,187.351911
-35.259053,100,187.414248
-49.676303,100,187.470211
-38.785621,100,187.532512
-36.259025,100,187.590311
-38.131825,100,187.649831
-38.500774,100,187.706434
-32.160973,100,187.766559
-33.057506,100,187.82636
-46.379633,100,187.888332
-39.508898,100,187.946478
-33.5547,100,188.004119
-39.165166,100,188.068496
-46.454843,100,188.131272
-43.541577,100,188.193117
-38.523242,100,188.252539
-39.857519,100,188.315352
-38.907668,100,189.311516
-38.992644,100,189.379741
-40.240306,100,189.454946
-42.501322,100,189.52318
-40.976804,100,189.582828
-39.247785,100,189.642212
-40.990394,100,189.698581
-34.302509,100,189.754882
-42.004946,100,189.813482
-47.414789,100,189.868863
-53.126291,100,189.925598
-45.166427,100,189.977441
-40.040682,100,190.034455
-32.971423,100,190.096169
-32.524888,100,190.156652
-35.721221,100,190.215376
-39.859643,100,190.272357
-39.235216,100,190.33129
-39.937789,100,190.392279
-45.145519,100,190.448715
-35.130391,100,191.448171
-37.414792,100,191.517118
-41.474307,100,191.601307
-38.06834,100,191.66645
-35.429538,100,191.72576
-48.179952,100,191.778605
-39.155139,100,191.837189
-40.242326,100,191.89353
-39.590225,100,191.949749
-38.44181,100,192.00975
-34.821335,100,192.068143
-38.332242,100,192.131046
-42.817871,100,192.188403
-32.403036,100,192.245986
-44.250881,100,192.305956
-39.282581,100,192.367372
-34.722072,100,192.43006
-44.880721,100,192.488198
-47.368348,100,192.548975
-33.309067,100,192.607964
-38.599246,100,192.665997
-44.492252,100,193.686286
-33.887266,100,193.751316
-34.018353,100,193.818758
-41.088121,100,193.886035
-41.940118,100,193.942487
-36.806685,100,194.003821
-40.641,100,194.060446
-33.163699,100,194.11989
-45.044899,100,194.183683
-44.964996,100,194.240168
-37.298525,100,194.299497
-30.460999,100,194.359888
-42.475274,100,194.417695
-38.172987,100,194.475875
-43.806513,100,194.536657
-40.076739,100,194.594284
-40.744093,100,194.650566
-38.798683,100,194.71086
-46.309266,100,194.768734
-34.615024,100,194.8255
-49.063301,100,195.826494
-49.502358,100,195.887452
-42.294916,100,195.952261
-43.940872,100,196.015767
-39.044,100,196.07297
-36.144822,100,196.131618
-34.410535,100,196.192556
-45.199021,100,196.249807
-38.542423,100,196.310146
-53.663534,100,196.36255
-37.624215,100,196.41765
-37.576401,100,196.473252
-31.64473,100,196.531863
-36.603378,100,196.590971
-36.899419,100,196.651237
-41.632267,100,196.713036
-37.137675,100,196.771771
-32.066567,100,196.831113
-35.831476,100,196.892498
-40.124741,100,196.945424
-34.952148,100,197.004206
-42.206975,100,198.000847
-40.779801,100,198.068731
-34.817521,100,198.14038
-37.33857,100,198.203458
-49.088144,100,198.261642
-38.328615,100,198.325429
-41.640974,100,198.389595
-36.427176,100,198.449198
-46.285941,100,198.505745
-39.409748,100,198.564102
-42.116468,100,198.622849
-37.067807,100,198.683223
-44.847449,100,198.746397
-38.566818,100,198.806362
-41.689463,100,198.858946
-50.837436,100,198.913702
-46.973985,100,198.969488
-32.544166,100,199.026977
-42.869152,100,199.086635
-48.471899,100,199.150773
-37.318793,100,200.145323
-37.787228,100,200.21276
-40.758455,100,200.280224
-40.263051,100,200.34036
-41.828469,100,200.395656
-37.242697,100,200.452687
-43.915589,100,200.50928
-36.831598,100,200.565751
-42.090987,100,200.623012
-44.909947,100,200.685108
-39.402091,100,200.7426
-41.73995,100,200.801016
-32.064756,100,200.859274
-40.210382,100,200.919505
-37.532133,100,200.976407
-37.492875,100,201.037446
-39.701929,100,201.094062
-37.649881,100,201.156056
-39.50962,100,201.218854
-38.248519,100,201.283917
-38.893153,100,201.340694
-37.024268,100,202.335093
-39.459892,100,202.409456
-42.595513,100,202.482083
-33.621586,100,202.544008
-34.155189,100,202.605245
-39.650793,100,202.665378
-36.536329,100,202.727781
-37.723138,100,202.786242
-38.61635,100,202.849768
-51.95237,100,202.913136
-33.050871,100,202.974669
-36.680304,100,203.03677
-39.19091,100,203.096725
-44.421999,100,203.156423
-34.733842,100,203.217773
-42.86777,100,203.285251
-42.466081,100,203.346663
-34.702811,100,203.406112
-39.288384,100,203.466054
-45.323662,100,203.523692
-34.125742,100,204.558971
-40.955125,100,204.627745
-39.884378,100,204.688097
-33.031146,100,204.750542
-31.904715,100,204.810755
-48.74734,100,204.871374
-40.729952,100,204.93085
-42.603414,100,204.987486
-43.201037,100,205.048483
-34.31084,100,205.107587
-35.305581,100,205.168815
-40.333448,100,205.22795
-35.052176,100,205.291645
-34.684381,100,205.350142
-31.715794,100,205.408549
-36.487053,100,205.46481
-36.79829,100,205.523058
-38.386792,100,205.581528
-39.451783,100,205.639697
-39.693511,100,205.702369
-36.003402,100,205.764323
-39.139836,100,206.788827
-33.944481,100,206.858781
-38.94216,100,206.925481
-46.089664,100,206.987942
-44.05372,100,207.047455
-34.090934,100,207.108886
-32.801478,100,207.169763
-40.904832,100,207.230847
-32.410185,100,207.293901
-46.625025,100,207.3546
-44.178548,100,207.414995
-43.653942,100,207.473218
-39.281166,100,207.533344
-34.647222,100,207.591747
-35.963213,100,207.648782
-36.795955,100,207.708564
-40.176214,100,207.771879
-36.12041,100,207.831121
-45.904429,100,207.892035
-31.531657,100,207.950912
-37.526009,100,208.948653
-46.152203,100,209.016031
-34.085388,100,209.086324
-38.58818,100,209.148466
-42.294511,100,209.206404
-34.223182,100,209.264561
-34.334286,100,209.324068
-51.262224,100,209.38615
-38.848194,100,209.445458
-45.309166,100,209.504771
-41.829845,100,209.564948
-31.068125,100,209.623259
-38.025198,100,209.681262
-36.884097,100,209.743127
-34.61491,100,209.801441
-33.791372,100,209.860144
-33.843376,100,209.919708
-39.711583,100,209.977952
-40.393402,100,210.035266
-35.528257,100,210.093771
-38.203612,100,210.15068
-45.852497,100,211.202025
-36.653144,100,211.263229
-36.712201,100,211.328486
-40.206678,100,211.392376
-50.111955,100,211.452555
-45.529336,100,211.514546
-39.081706,100,211.575383
-35.558267,100,211.635377
-35.554848,100,211.696113
-43.18887,100,211.75564
-40.874382,100,211.81349
-36.78357,100,211.874016
-41.153465,100,211.929366
-35.392707,100,211.985837
-34.706313,100,212.042094
-37.78213,100,212.09902
-39.633489,100,212.159474
-34.230279,100,212.223733
-39.791209,100,212.287071
-30.779055,100,212.350948
-35.467797,100,213.369138
-35.552045,100,213.451927
-39.716879,100,213.531027
-51.294216,100,213.59769
-43.248629,100,213.665606
-39.232697,100,213.734363
-48.23768,100,213.799985
-38.059389,100,213.867655
-31.053017,100,213.935215
-38.359109,100,214.005404
-49.005709,100,214.078604
-33.797788,100,214.145344
-37.63045,100,214.21236
-40.478638,100,214.280012
-35.836255,100,214.351063
-38.504498,100,214.416333
-31.951149,100,214.473218
-38.290287,100,214.529487
-35.418266,100,214.585714
-40.939435,100,214.644955
-34.573398,100,214.700656
